id,BESS,TT
1,204.9940291213934,522.8579028566637
2,151.95041291831689,535.0211502209348
3,192.6652516113327,439.9887132704726
4,244.0869628561726,505.41649948997804
5,262.38442001135013,383.76122007367195
6,186.93623414030372,596.1416724798095
7,211.0593267829018,559.2860591649036
8,247.24419191662915,486.7918942156226
9,192.90442430322443,523.3032855544863
10,190.52502395728717,465.7742816227635
